suite ,strength
ECDHE-RSA-AES256-GCM-SHA384,HIGH
ECDHE-ECDSA-AES256-GCM-SHA384,HIGH
ECDHE-RSA-AES256-SHA384,HIGH
ECDHE-ECDSA-AES256-SHA384,HIGH
ECDHE-RSA-AES256-SHA,HIGH
ECDHE-ECDSA-AES256-SHA,HIGH
DHE-DSS-AES256-GCM-SHA384,HIGH
DHE-RSA-AES256-GCM-SHA384,HIGH
DHE-RSA-AES256-SHA256,HIGH
DHE-DSS-AES256-SHA256,HIGH
DHE-RSA-AES256-SHA,HIGH
DHE-DSS-AES256-SHA,HIGH
DHE-RSA-CAMELLIA256-SHA,HIGH
DHE-DSS-CAMELLIA256-SHA,HIGH
AECDH-AES256-SHA,HIGH
ADH-AES256-GCM-SHA384,HIGH
ADH-AES256-SHA256,HIGH
ADH-AES256-SHA,HIGH
ADH-CAMELLIA256-SHA,HIGH
ECDH-RSA-AES256-GCM-SHA384,HIGH
ECDH-ECDSA-AES256-GCM-SHA384,HIGH
ECDH-RSA-AES256-SHA384,HIGH
ECDH-ECDSA-AES256-SHA384,HIGH
ECDH-RSA-AES256-SHA,HIGH
ECDH-ECDSA-AES256-SHA,HIGH
AES256-GCM-SHA384,HIGH
AES256-SHA256,HIGH
AES256-SHA,HIGH
CAMELLIA256-SHA,HIGH
PSK-AES256-CBC-SHA,HIGH
ECDHE-RSA-AES128-GCM-SHA256,HIGH
ECDHE-ECDSA-AES128-GCM-SHA256,HIGH
ECDHE-RSA-AES128-SHA256,HIGH
ECDHE-ECDSA-AES128-SHA256,HIGH
ECDHE-RSA-AES128-SHA,HIGH
ECDHE-ECDSA-AES128-SHA,HIGH
DHE-DSS-AES128-GCM-SHA256,HIGH
DHE-RSA-AES128-GCM-SHA256,HIGH
DHE-RSA-AES128-SHA256,HIGH
DHE-DSS-AES128-SHA256,HIGH
DHE-RSA-AES128-SHA,HIGH
DHE-DSS-AES128-SHA,HIGH
DHE-RSA-CAMELLIA128-SHA,HIGH
DHE-DSS-CAMELLIA128-SHA,HIGH
AECDH-AES128-SHA,HIGH
ADH-AES128-GCM-SHA256,HIGH
ADH-AES128-SHA256,HIGH
ADH-AES128-SHA,HIGH
ADH-CAMELLIA128-SHA,HIGH
ECDH-RSA-AES128-GCM-SHA256,HIGH
ECDH-ECDSA-AES128-GCM-SHA256,HIGH
ECDH-RSA-AES128-SHA256,HIGH
ECDH-ECDSA-AES128-SHA256,HIGH
ECDH-RSA-AES128-SHA,HIGH
ECDH-ECDSA-AES128-SHA,HIGH
AES128-GCM-SHA256,HIGH
AES128-SHA256,HIGH
AES128-SHA,HIGH
CAMELLIA128-SHA,HIGH
PSK-AES128-CBC-SHA,HIGH
ECDHE-RSA-DES-CBC3-SHA,HIGH
ECDHE-ECDSA-DES-CBC3-SHA,HIGH
EDH-RSA-DES-CBC3-SHA,HIGH
EDH-DSS-DES-CBC3-SHA,HIGH
AECDH-DES-CBC3-SHA,HIGH
ADH-DES-CBC3-SHA,HIGH
ECDH-RSA-DES-CBC3-SHA,HIGH
ECDH-ECDSA-DES-CBC3-SHA,HIGH
DES-CBC3-SHA,HIGH
DES-CBC3-MD5,HIGH
PSK-3DES-EDE-CBC-SHA,HIGH
KRB5-DES-CBC3-SHA,HIGH
KRB5-DES-CBC3-MD5,HIGH
DHE-RSA-SEED-SHA,MEDIUM
DHE-DSS-SEED-SHA,MEDIUM
ADH-SEED-SHA,MEDIUM
SEED-SHA,MEDIUM
IDEA-CBC-SHA,MEDIUM
IDEA-CBC-MD5,MEDIUM
RC2-CBC-MD5,MEDIUM
KRB5-IDEA-CBC-SHA,MEDIUM
KRB5-IDEA-CBC-MD5,MEDIUM
ECDHE-RSA-RC4-SHA,MEDIUM
ECDHE-ECDSA-RC4-SHA,MEDIUM
AECDH-RC4-SHA,MEDIUM
ADH-RC4-MD5,MEDIUM
ECDH-RSA-RC4-SHA,MEDIUM
ECDH-ECDSA-RC4-SHA,MEDIUM
RC4-SHA,MEDIUM
RC4-MD5,MEDIUM
RC4-MD5,MEDIUM
PSK-RC4-SHA,MEDIUM
KRB5-RC4-SHA,MEDIUM
KRB5-RC4-MD5,MEDIUM
